<?xml version="1.0" encoding="UTF-8"?>
<beans xmlns="http://www.springframework.org/schema/beans"
	xmlns:xsi="http://www.w3.org/2001/XMLSchema-instance" xmlns:context="http://www.springframework.org/schema/context"
	xmlns:tx="http://www.springframework.org/schema/tx" xmlns:jpa="http://www.springframework.org/schema/data/jpa"
	xsi:schemaLocation="http://www.springframework.org/schema/beans http://www.springframework.org/schema/beans/spring-beans.xsd
		http://www.springframework.org/schema/context http://www.springframework.org/schema/context/spring-context-3.2.xsd
		http://www.springframework.org/schema/data/jpa http://www.springframework.org/schema/data/jpa/spring-jpa-1.3.xsd
		http://www.springframework.org/schema/tx http://www.springframework.org/schema/tx/spring-tx-3.2.xsd">

	<context:annotation-config />
	<context:component-scan base-package="com.iadjuster" />

	<jpa:repositories base-package="com.iadjuster.repository" />


	<bean
		class="org.springframework.orm.jpa.support.PersistenceAnnotationBeanPostProcessor" />

	<!-- Alternatively <bean id="persistenceAnnotation" class="org.springframework.orm.jpa.support.PersistenceAnnotationBeanPostProcessor" 
		/> -->

	<bean id="entityManagerFactory"
		class="org.springframework.orm.jpa.LocalContainerEntityManagerFactoryBean">

		<property name="persistenceUnitName" value="punit" />
		<property name="dataSource" ref="dataSource" />
		<property name="jpaVendorAdapter">
			<bean class="org.springframework.orm.jpa.vendor.HibernateJpaVendorAdapter">
				<property name="showSql" value="true" />
			</bean>
		</property>

		<property name="jpaPropertyMap">
			<map>
				<entry key="hibernate.dialect" value="org.hibernate.dialect.MySQL5InnoDBDialect" />
				<entry key="hibernate.format_sql" value="true" />
				<entry key="hibernate.hbm2ddl.auto" value="update" />
				<!-- The hibernate.hbm2ddl.auto deals with Create, Create-Drop, Update, 
					Validate -->
			</map>
		</property>

	</bean>

	<bean id="transactionManager" class="org.springframework.orm.jpa.JpaTransactionManager">
		<property name="entityManagerFactory" ref="entityManagerFactory" />
	</bean>

	<tx:annotation-driven transaction-manager="transactionManager" />

	<bean id="dataSource"
		class="org.springframework.jdbc.datasource.DriverManagerDataSource">
		<property name="driverClassName" value="com.mysql.jdbc.Driver" />
<!-- 
		<property name="url"
			value="jdbc:mysql://localhost:3306/iAdjuster?autoReconnect=true" />
		<property name="username" value="root" />
		<property name="password" value="password" />
 -->
 
		<property name="url"
			value="jdbc:mysql://iadjustertest.can6aqqzvhtp.us-west-2.rds.amazonaws.com:3306/iadjustertest?autoReconnect=true" />
		<property name="username" value="iadjustertest" />
		<property name="password" value="iadjustertest" />

<!-- The url value's localhost:3306  is replaced by:  
iadjustertest.can6aqqzvhtp.us-west-2.rds.amazonaws.com:3306

This is found on AWS RDB Dashboard's DB Instance window's Endpoint as follows: 

Endpoint: iadjustertest.can6aqqzvhtp.us-west-2.rds.amazonaws.com:3306
Or in MySQL JDBC Connection: jdbc:mysql://iadjustertest.can6aqqzvhtp.us-west-2.rds.amazonaws.com:3306/?user=iadjustertest
 -->
 
	</bean>


</beans>
